IPC,Instructions,Cycles,L1MISS,L2MISS,L3MISS,Branch,L2HIT,L3HIT
0.31,8.28,26.59,0.11,0.08,0.00,1.69,0.90,-1.00
0.33,7.57,23.21,0.10,0.07,0.00,1.57,0.90,-1.00
0.33,7.23,22.03,0.09,0.07,0.00,1.49,0.90,-1.00
0.31,7.28,23.16,0.10,0.07,0.00,1.50,0.90,-1.00
0.68,23.82,34.97,0.15,0.10,0.01,4.35,0.94,-1.00
0.32,8.09,24.89,0.11,0.08,0.00,1.66,0.90,-1.00
0.76,38.17,50.02,0.42,0.24,0.09,7.82,0.91,-1.00
0.33,7.10,21.47,0.09,0.07,0.00,1.45,0.90,-1.00
0.37,9.67,25.99,0.11,0.08,0.00,1.98,0.91,-1.00
0.33,7.48,22.40,0.10,0.07,0.00,1.53,0.90,-1.00
0.33,7.74,23.48,0.10,0.07,0.00,1.58,0.90,-1.00
0.34,8.04,23.84,0.10,0.07,0.00,1.64,0.90,-1.00
0.32,7.30,22.95,0.10,0.07,0.00,1.49,0.90,-1.00
0.32,7.12,21.94,0.10,0.07,0.00,1.46,0.90,-1.00
0.70,23.08,33.08,0.14,0.10,0.00,4.21,0.95,-1.00
0.32,7.36,22.86,0.10,0.07,0.00,1.51,0.90,-1.00
0.32,8.43,26.06,0.11,0.08,0.00,1.73,0.90,-1.00
0.32,8.33,25.71,0.11,0.08,0.00,1.71,0.90,-1.00
0.37,11.99,32.22,0.14,0.10,0.00,2.41,0.91,-1.00
0.33,9.42,28.24,0.13,0.09,0.00,1.92,0.90,-1.00
0.33,10.01,30.03,0.13,0.10,0.00,1.99,0.90,-1.00
0.32,7.27,22.77,0.10,0.07,0.00,1.49,0.90,-1.00
0.33,8.27,25.17,0.11,0.08,0.00,1.69,0.90,-1.00
0.32,7.22,22.27,0.10,0.07,0.00,1.48,0.90,-1.00
0.69,23.31,33.69,0.15,0.10,0.00,4.26,0.95,-1.00
0.33,7.13,21.82,0.10,0.07,0.00,1.46,0.89,-1.00
0.33,7.27,22.28,0.10,0.07,0.00,1.48,0.90,-1.00
0.32,7.82,24.30,0.11,0.08,0.00,1.60,0.90,-1.00
0.77,46.39,60.26,0.28,0.18,0.03,9.39,0.95,-1.00
0.35,8.67,24.44,0.11,0.08,0.00,1.77,0.91,-1.00
0.31,7.51,24.13,0.11,0.08,0.00,1.54,0.89,-1.00
0.32,7.28,22.51,0.10,0.07,0.00,1.49,0.90,-1.00
0.32,7.25,22.86,0.10,0.07,0.00,1.49,0.90,-1.00
0.32,8.01,25.08,0.11,0.08,0.00,1.64,0.90,-1.00
0.78,27.59,35.27,0.16,0.10,0.00,5.09,0.95,-1.00
0.32,7.06,21.87,0.10,0.07,0.00,1.44,0.90,-1.00
0.31,7.10,22.66,0.10,0.07,0.00,1.45,0.90,-1.00
0.49,11.44,23.48,0.10,0.07,0.00,2.30,0.93,-1.00
0.37,9.97,26.60,0.12,0.08,0.00,2.03,0.91,-1.00
0.31,7.71,25.12,0.11,0.08,0.00,1.58,0.89,-1.00
0.30,7.53,24.71,0.11,0.08,0.00,1.54,0.89,-1.00
0.33,7.21,22.10,0.10,0.07,0.00,1.47,0.90,-1.00
0.32,7.02,21.77,0.10,0.07,0.00,1.43,0.90,-1.00
0.32,6.99,22.17,0.10,0.07,0.00,1.43,0.89,-1.00
0.74,32.34,43.64,0.21,0.13,0.01,5.46,0.94,-1.00
0.32,7.65,23.83,0.11,0.08,0.00,1.57,0.90,-1.00
0.32,6.88,21.65,0.10,0.07,0.00,1.40,0.90,-1.00
0.32,6.96,21.99,0.10,0.07,0.00,1.43,0.90,-1.00
0.36,8.97,24.81,0.11,0.08,0.00,1.83,0.91,-1.00
0.33,8.36,25.30,0.12,0.08,0.00,1.71,0.90,-1.00
0.31,7.11,22.83,0.10,0.07,0.00,1.45,0.89,-1.00
0.31,6.81,21.71,0.10,0.07,0.00,1.39,0.90,-1.00
0.31,7.11,22.90,0.10,0.07,0.00,1.45,0.90,-1.00
0.33,7.25,22.06,0.10,0.07,0.00,1.47,0.90,-1.00
0.86,53.96,62.64,0.47,0.27,0.09,10.54,0.93,-1.00
0.32,8.32,25.72,0.11,0.08,0.00,1.71,0.90,-1.00
0.32,7.66,24.07,0.10,0.08,0.00,1.56,0.90,-1.00
0.32,7.11,21.90,0.10,0.07,0.00,1.45,0.90,-1.00
0.37,8.87,24.04,0.11,0.08,0.00,1.81,0.91,-1.00
0.33,7.30,22.33,0.10,0.07,0.00,1.49,0.90,-1.00
0.32,8.81,27.78,0.12,0.09,0.00,1.81,0.89,-1.00
0.34,7.23,21.55,0.09,0.07,0.00,1.47,0.90,-1.00
0.31,6.91,22.23,0.10,0.07,0.00,1.41,0.90,-1.00
0.32,7.09,22.30,0.10,0.07,0.00,1.45,0.90,-1.00
0.63,25.31,40.32,0.17,0.11,0.00,4.61,0.94,-1.00
0.31,7.33,23.48,0.10,0.07,0.00,1.50,0.90,-1.00
0.32,7.98,24.95,0.11,0.08,0.00,1.64,0.90,-1.00
0.32,6.91,21.72,0.09,0.07,0.00,1.42,0.90,-1.00
0.34,9.16,27.14,0.11,0.08,0.00,1.88,0.91,-1.00
0.31,6.99,22.34,0.10,0.07,0.00,1.43,0.90,-1.00
0.31,7.30,23.72,0.10,0.07,0.00,1.50,0.89,-1.00
0.32,7.06,21.98,0.10,0.07,0.00,1.44,0.90,-1.00
0.31,8.14,25.99,0.11,0.08,0.00,1.67,0.90,-1.00
0.54,19.97,36.94,0.16,0.11,0.01,4.19,0.94,-1.00
0.69,23.00,33.16,0.15,0.10,0.00,4.19,0.95,-1.00
0.32,7.29,22.96,0.10,0.07,0.00,1.49,0.90,-1.00
0.30,7.04,23.33,0.10,0.07,0.00,1.45,0.89,-1.00
0.31,7.93,25.21,0.11,0.08,0.00,1.63,0.89,-1.00
0.36,8.78,24.55,0.10,0.08,0.00,1.80,0.91,-1.00
0.31,7.26,23.10,0.10,0.07,0.00,1.48,0.90,-1.00
0.29,7.33,25.04,0.11,0.08,0.00,1.51,0.89,-1.00
0.31,6.85,22.33,0.10,0.07,0.00,1.40,0.90,-1.00
0.31,7.48,24.09,0.11,0.08,0.00,1.54,0.89,-1.00
0.32,7.95,24.81,0.11,0.08,0.00,1.62,0.89,-1.00
0.67,23.23,34.48,0.16,0.10,0.00,4.25,0.94,-1.00
0.31,7.07,22.78,0.10,0.07,0.00,1.44,0.89,-1.00
0.30,7.31,24.11,0.10,0.08,0.00,1.49,0.89,-1.00
0.32,6.94,22.02,0.10,0.07,0.00,1.42,0.90,-1.00
0.37,11.29,30.21,0.14,0.10,0.00,2.31,0.91,-1.00
0.31,7.01,22.37,0.10,0.07,0.00,1.43,0.89,-1.00
0.30,7.50,24.89,0.11,0.08,0.00,1.54,0.89,-1.00
0.31,7.20,23.39,0.10,0.07,0.00,1.47,0.90,-1.00
0.29,6.94,23.61,0.10,0.07,0.00,1.42,0.89,-1.00
0.29,7.08,24.15,0.10,0.08,0.00,1.46,0.89,-1.00
0.65,24.24,37.48,0.16,0.11,0.00,4.44,0.94,-1.00
0.46,11.52,25.17,0.10,0.07,0.00,2.33,0.93,-1.00
0.30,7.39,24.61,0.10,0.08,0.00,1.52,0.89,-1.00
0.31,7.12,23.19,0.10,0.07,0.00,1.46,0.89,-1.00
0.48,13.77,28.96,0.12,0.09,0.00,2.80,0.93,-1.00
0.30,8.49,28.15,0.12,0.09,0.00,1.75,0.89,-1.00
0.29,7.69,26.60,0.11,0.08,0.00,1.58,0.89,-1.00
1.33,353.72,265.43,4.84,3.62,0.06,62.93,0.88,-1.00
0.29,7.00,24.28,0.10,0.07,0.00,1.45,0.89,-1.00
0.29,7.06,24.03,0.10,0.07,0.00,1.45,0.89,-1.00
0.72,31.34,43.51,0.19,0.12,0.01,5.26,0.94,-1.00
0.31,8.46,27.23,0.12,0.09,0.00,1.74,0.89,-1.00
0.28,7.65,26.83,0.11,0.08,0.00,1.58,0.89,-1.00
0.30,7.12,23.85,0.10,0.07,0.00,1.46,0.89,-1.00
0.33,9.60,28.72,0.12,0.09,0.00,1.98,0.90,-1.00
0.30,6.97,23.55,0.10,0.07,0.00,1.44,0.89,-1.00
0.30,8.08,26.71,0.12,0.08,0.00,1.66,0.89,-1.00
0.29,6.96,23.99,0.10,0.07,0.00,1.43,0.89,-1.00
0.29,7.46,26.16,0.11,0.08,0.00,1.53,0.89,-1.00
0.65,28.76,44.25,0.34,0.19,0.08,5.98,0.91,-1.00
0.74,32.20,43.32,0.23,0.16,0.01,6.01,0.94,-1.00
0.29,7.07,24.21,0.10,0.08,0.00,1.46,0.89,-1.00
0.32,9.36,29.66,0.13,0.09,0.00,1.90,0.89,-1.00
0.30,6.87,23.06,0.10,0.07,0.00,1.41,0.89,-1.00
0.33,8.90,26.86,0.11,0.08,0.00,1.83,0.90,-1.00
0.30,6.92,23.28,0.10,0.07,0.00,1.42,0.89,-1.00
0.28,7.43,26.19,0.11,0.08,0.00,1.53,0.89,-1.00
0.29,6.99,23.83,0.10,0.07,0.00,1.44,0.89,-1.00
0.29,8.04,27.49,0.12,0.09,0.00,1.66,0.89,-1.00
0.29,7.07,24.63,0.10,0.07,0.00,1.45,0.89,-1.00
0.64,22.93,35.69,0.15,0.10,0.00,4.20,0.94,-1.00
0.28,7.07,25.40,0.10,0.08,0.00,1.46,0.89,-1.00
0.29,7.21,25.10,0.10,0.08,0.00,1.49,0.89,-1.00
0.29,7.93,27.08,0.11,0.08,0.00,1.64,0.89,-1.00
0.32,9.07,28.11,0.12,0.09,0.00,1.87,0.90,-1.00
0.29,6.92,23.81,0.10,0.07,0.00,1.42,0.89,-1.00
0.29,7.08,24.66,0.10,0.08,0.00,1.45,0.89,-1.00
0.30,7.35,24.66,0.11,0.08,0.00,1.51,0.89,-1.00
0.29,7.23,24.80,0.10,0.08,0.00,1.49,0.89,-1.00
0.31,8.26,26.90,0.12,0.08,0.00,1.70,0.90,-1.00
0.66,23.01,34.80,0.15,0.10,0.00,4.20,0.94,-1.00
0.28,7.17,25.33,0.11,0.08,0.00,1.48,0.89,-1.00
0.28,7.35,26.49,0.11,0.08,0.00,1.52,0.89,-1.00
0.29,7.05,24.34,0.10,0.07,0.00,1.45,0.89,-1.00
0.98,157.82,160.60,0.72,0.40,0.04,33.42,0.97,-1.00
0.28,7.32,25.76,0.11,0.08,0.00,1.52,0.89,-1.00
0.28,7.46,26.72,0.11,0.08,0.00,1.54,0.89,-1.00
0.28,7.17,25.28,0.11,0.08,0.00,1.48,0.89,-1.00
0.28,7.12,25.39,0.11,0.08,0.00,1.48,0.89,-1.00
0.29,7.09,24.15,0.10,0.07,0.00,1.45,0.89,-1.00
0.63,24.60,39.00,0.18,0.12,0.00,4.54,0.94,-1.00
0.30,7.37,24.92,0.10,0.08,0.00,1.52,0.89,-1.00
0.28,7.48,26.34,0.11,0.08,0.00,1.55,0.89,-1.00
0.28,7.16,25.28,0.11,0.08,0.00,1.47,0.89,-1.00
0.34,10.34,30.78,0.12,0.09,0.00,2.14,0.91,-1.00
0.29,7.98,27.66,0.12,0.09,0.00,1.64,0.89,-1.00
0.28,7.34,26.28,0.11,0.08,0.00,1.51,0.89,-1.00
0.29,7.09,24.87,0.10,0.08,0.00,1.46,0.89,-1.00
0.28,7.52,26.41,0.11,0.08,0.00,1.55,0.89,-1.00
0.27,7.52,27.69,0.11,0.09,0.00,1.55,0.89,-1.00
0.65,23.09,35.68,0.15,0.10,0.00,4.23,0.94,-1.00
0.30,8.52,28.62,0.12,0.09,0.00,1.76,0.89,-1.00
0.43,11.60,27.22,0.11,0.08,0.00,2.35,0.93,-1.00
0.28,7.30,26.30,0.11,0.08,0.00,1.51,0.89,-1.00
0.73,47.02,64.79,0.29,0.19,0.03,9.59,0.95,-1.00
0.41,12.08,29.39,0.12,0.09,0.00,2.46,0.92,-1.00
0.28,8.55,30.05,0.12,0.09,0.00,1.76,0.89,-1.00
0.28,7.33,26.00,0.11,0.08,0.00,1.51,0.89,-1.00
0.28,7.46,26.29,0.11,0.08,0.00,1.54,0.89,-1.00
0.28,7.07,25.70,0.11,0.08,0.00,1.46,0.89,-1.00
0.69,31.13,45.19,0.19,0.13,0.01,5.23,0.94,-1.00
0.28,7.09,25.76,0.10,0.08,0.00,1.47,0.89,-1.00
0.30,8.06,27.26,0.12,0.09,0.00,1.66,0.89,-1.00
0.28,7.44,26.25,0.11,0.08,0.00,1.53,0.89,-1.00
0.33,9.27,28.39,0.12,0.09,0.00,1.91,0.90,-1.00
0.28,7.21,26.16,0.11,0.08,0.00,1.48,0.89,-1.00
0.28,7.32,25.71,0.11,0.08,0.00,1.51,0.89,-1.00
0.28,7.79,27.99,0.11,0.08,0.00,1.61,0.89,-1.00
0.30,8.69,29.39,0.12,0.09,0.00,1.80,0.89,-1.00
0.68,38.66,57.10,0.45,0.26,0.09,7.96,0.91,-1.00
0.64,23.64,36.96,0.17,0.11,0.00,4.36,0.94,-1.00
0.29,7.38,25.86,0.11,0.08,0.00,1.52,0.89,-1.00
0.27,7.41,27.34,0.11,0.08,0.00,1.54,0.89,-1.00
0.29,8.26,28.77,0.12,0.09,0.00,1.71,0.89,-1.00
0.33,8.94,27.26,0.12,0.09,0.00,1.84,0.90,-1.00
0.28,6.96,24.84,0.10,0.08,0.00,1.43,0.89,-1.00
0.27,7.26,26.97,0.11,0.08,0.00,1.50,0.89,-1.00
0.28,6.85,24.42,0.10,0.08,0.00,1.41,0.89,-1.00
0.29,7.22,24.87,0.11,0.08,0.00,1.49,0.89,-1.00
0.29,8.34,29.10,0.12,0.09,0.00,1.72,0.89,-1.00
0.63,23.15,36.53,0.15,0.11,0.00,4.23,0.94,-1.00
0.28,7.07,25.66,0.11,0.08,0.00,1.46,0.89,-1.00
0.28,6.82,24.49,0.10,0.08,0.00,1.41,0.89,-1.00
0.28,7.00,25.06,0.10,0.08,0.00,1.44,0.89,-1.00
0.32,9.80,30.26,0.13,0.10,0.00,2.02,0.90,-1.00
0.28,6.85,24.88,0.10,0.07,0.00,1.41,0.89,-1.00
0.28,7.20,25.73,0.11,0.08,0.00,1.49,0.89,-1.00
0.29,6.87,23.51,0.10,0.07,0.00,1.41,0.89,-1.00
0.27,6.88,25.03,0.10,0.08,0.00,1.42,0.89,-1.00
0.28,7.09,25.20,0.10,0.08,0.00,1.46,0.89,-1.00
0.65,23.75,36.35,0.16,0.11,0.00,4.34,0.94,-1.00
0.28,7.23,25.39,0.10,0.08,0.00,1.49,0.89,-1.00
0.28,6.97,25.09,0.10,0.08,0.00,1.44,0.89,-1.00
0.28,6.92,24.70,0.10,0.08,0.00,1.42,0.89,-1.00
0.33,8.75,26.68,0.11,0.08,0.00,1.81,0.90,-1.00
0.29,8.06,27.94,0.12,0.09,0.00,1.66,0.89,-1.00
0.28,7.24,26.21,0.11,0.08,0.00,1.49,0.89,-1.00
0.27,6.88,25.06,0.10,0.08,0.00,1.41,0.89,-1.00
0.28,6.82,24.80,0.10,0.08,0.00,1.41,0.89,-1.00
0.28,7.16,25.90,0.11,0.08,0.00,1.48,0.89,-1.00
0.65,23.05,35.63,0.15,0.10,0.00,4.22,0.94,-1.00
0.29,8.12,27.72,0.12,0.09,0.00,1.67,0.89,-1.00
0.28,6.92,25.07,0.10,0.08,0.00,1.44,0.89,-1.00
0.28,6.91,24.41,0.10,0.07,0.00,1.42,0.89,-1.00
0.34,9.90,28.98,0.12,0.09,0.00,2.04,0.91,-1.00
0.28,6.95,24.68,0.10,0.08,0.00,1.43,0.89,-1.00
0.29,8.38,29.38,0.13,0.09,0.00,1.73,0.89,-1.00
0.28,6.95,24.91,0.10,0.08,0.00,1.43,0.89,-1.00
0.27,6.88,25.26,0.10,0.08,0.00,1.42,0.89,-1.00
0.27,7.03,25.69,0.10,0.08,0.00,1.45,0.89,-1.00
0.65,22.68,34.71,0.15,0.10,0.00,4.14,0.94,-1.00
0.27,7.05,25.76,0.11,0.08,0.00,1.45,0.89,-1.00
0.42,12.16,29.16,0.12,0.08,0.00,2.47,0.92,-1.00
0.28,6.95,24.71,0.10,0.08,0.00,1.43,0.89,-1.00
0.33,8.85,26.98,0.12,0.08,0.00,1.82,0.90,-1.00
0.42,11.67,27.58,0.11,0.08,0.00,2.36,0.93,-1.00
0.28,7.29,26.21,0.11,0.08,0.00,1.50,0.89,-1.00
1.49,354.94,237.61,4.57,3.48,0.06,63.00,0.89,-1.00
0.29,6.91,23.95,0.10,0.08,0.01,1.43,0.89,-1.00
0.28,6.86,24.82,0.10,0.08,0.00,1.41,0.89,-1.00
0.71,30.90,43.28,0.19,0.13,0.01,5.19,0.94,-1.00
0.28,7.14,25.83,0.11,0.08,0.00,1.48,0.89,-1.00
0.27,6.61,24.12,0.10,0.07,0.00,1.37,0.89,-1.00
0.34,9.76,29.10,0.12,0.09,0.00,2.01,0.90,-1.00
0.49,20.03,41.21,0.17,0.13,0.01,4.23,0.93,-1.00
0.27,7.18,26.15,0.11,0.08,0.00,1.48,0.89,-1.00
0.28,7.33,26.60,0.11,0.08,0.00,1.52,0.89,-1.00
0.29,6.89,23.98,0.10,0.07,0.00,1.42,0.89,-1.00
0.28,7.17,25.59,0.11,0.08,0.00,1.48,0.89,-1.00
0.67,39.16,58.28,0.45,0.26,0.09,8.04,0.91,-1.00
0.62,23.34,37.49,0.16,0.11,0.00,4.28,0.94,-1.00
0.27,7.22,26.38,0.11,0.08,0.00,1.49,0.89,-1.00
0.28,7.12,25.70,0.11,0.08,0.00,1.47,0.89,-1.00
0.33,8.68,26.15,0.11,0.08,0.00,1.78,0.90,-1.00
0.29,7.86,26.95,0.12,0.08,0.00,1.62,0.89,-1.00
0.27,7.14,26.33,0.11,0.08,0.00,1.48,0.89,-1.00
0.28,7.09,25.43,0.11,0.08,0.00,1.47,0.89,-1.00
0.28,6.89,24.59,0.10,0.08,0.00,1.42,0.89,-1.00
0.29,6.64,23.15,0.10,0.07,0.00,1.37,0.89,-1.00
0.28,7.06,25.02,0.10,0.08,0.00,1.45,0.89,-1.00
0.63,24.00,38.11,0.16,0.11,0.00,4.41,0.94,-1.00
0.27,7.25,26.92,0.11,0.08,0.00,1.50,0.89,-1.00
0.28,6.59,23.70,0.10,0.07,0.00,1.36,0.89,-1.00
0.33,8.58,26.37,0.11,0.08,0.00,1.77,0.90,-1.00
0.28,6.81,24.65,0.10,0.07,0.00,1.41,0.89,-1.00
0.29,8.04,27.45,0.12,0.09,0.00,1.65,0.89,-1.00
0.28,6.88,24.41,0.10,0.08,0.00,1.41,0.89,-1.00
0.27,6.77,24.72,0.10,0.07,0.00,1.40,0.89,-1.00
0.28,6.69,24.20,0.10,0.07,0.00,1.38,0.89,-1.00
0.28,6.77,24.46,0.10,0.07,0.00,1.39,0.89,-1.00
0.68,22.57,33.43,0.14,0.10,0.00,4.11,0.94,-1.00
0.29,8.22,28.00,0.12,0.09,0.00,1.70,0.89,-1.00
0.29,6.87,23.75,0.10,0.07,0.00,1.42,0.89,-1.00
0.34,8.65,25.70,0.11,0.08,0.00,1.78,0.90,-1.00
0.36,11.98,33.28,0.14,0.10,0.00,2.45,0.91,-1.00
0.27,7.62,28.00,0.12,0.09,0.00,1.58,0.88,-1.00
0.29,8.32,29.07,0.12,0.09,0.00,1.72,0.89,-1.00
0.28,6.99,24.77,0.10,0.08,0.00,1.44,0.89,-1.00
0.28,6.89,24.78,0.10,0.08,0.00,1.43,0.89,-1.00
0.28,6.84,24.28,0.10,0.07,0.00,1.41,0.89,-1.00
0.65,22.68,34.91,0.15,0.10,0.00,4.14,0.94,-1.00
0.27,7.18,26.58,0.11,0.08,0.00,1.49,0.89,-1.00
0.29,8.10,27.81,0.12,0.09,0.00,1.68,0.89,-1.00
0.33,8.78,26.22,0.11,0.08,0.00,1.80,0.90,-1.00
0.30,7.99,26.29,0.11,0.08,0.00,1.65,0.90,-1.00
0.28,6.86,24.91,0.10,0.08,0.00,1.42,0.89,-1.00
0.28,6.93,24.97,0.11,0.08,0.00,1.42,0.89,-1.00
0.29,7.93,27.50,0.12,0.09,0.00,1.63,0.89,-1.00
0.28,6.77,24.07,0.10,0.07,0.00,1.39,0.89,-1.00
0.28,7.07,25.65,0.11,0.08,0.00,1.45,0.89,-1.00
0.67,22.59,33.57,0.14,0.10,0.00,4.11,0.94,-1.00
0.27,7.07,26.51,0.11,0.08,0.00,1.46,0.89,-1.00
0.28,7.00,24.94,0.10,0.08,0.00,1.45,0.89,-1.00
0.46,14.33,31.22,0.13,0.09,0.00,2.90,0.93,-1.00
0.29,6.64,23.31,0.10,0.07,0.00,1.37,0.89,-1.00
0.28,7.32,26.52,0.11,0.08,0.00,1.51,0.89,-1.00
0.44,11.43,26.27,0.11,0.08,0.00,2.31,0.93,-1.00
0.28,7.07,25.68,0.11,0.08,0.00,1.45,0.89,-1.00
0.29,7.85,27.19,0.12,0.09,0.00,1.62,0.89,-1.00
0.28,6.93,25.16,0.10,0.08,0.00,1.42,0.89,-1.00
0.71,31.03,43.53,0.19,0.13,0.01,5.20,0.94,-1.00
0.28,7.09,25.43,0.11,0.08,0.00,1.46,0.89,-1.00
0.28,6.61,23.71,0.10,0.07,0.00,1.37,0.89,-1.00
0.32,8.44,26.23,0.11,0.08,0.00,1.74,0.90,-1.00
0.71,45.01,63.69,0.29,0.19,0.02,9.12,0.95,-1.00
0.28,7.00,24.72,0.10,0.08,0.00,1.44,0.89,-1.00
0.28,6.79,23.88,0.10,0.08,0.00,1.40,0.89,-1.00
0.28,6.77,23.92,0.10,0.07,0.00,1.39,0.89,-1.00
0.28,6.70,23.86,0.10,0.07,0.00,1.38,0.89,-1.00
0.70,38.00,54.37,0.44,0.26,0.09,7.80,0.91,-1.00
0.65,23.84,36.95,0.17,0.11,0.00,4.37,0.94,-1.00
0.28,7.04,25.27,0.11,0.08,0.00,1.44,0.89,-1.00
0.27,6.96,25.31,0.10,0.08,0.00,1.44,0.89,-1.00
0.33,8.72,26.61,0.11,0.08,0.00,1.80,0.90,-1.00
0.28,6.73,23.81,0.10,0.07,0.00,1.39,0.89,-1.00
0.29,8.28,28.72,0.13,0.09,0.00,1.70,0.89,-1.00
0.28,7.05,25.19,0.11,0.08,0.00,1.45,0.89,-1.00
0.28,6.86,24.43,0.10,0.08,0.00,1.41,0.89,-1.00
0.28,6.54,23.04,0.10,0.07,0.00,1.35,0.89,-1.00
0.27,6.98,25.54,0.11,0.08,0.00,1.44,0.89,-1.00
0.65,23.12,35.67,0.15,0.10,0.00,4.24,0.94,-1.00
0.28,8.24,29.03,0.12,0.09,0.00,1.70,0.89,-1.00
0.28,6.52,23.21,0.10,0.07,0.00,1.34,0.89,-1.00
0.33,8.59,26.25,0.11,0.08,0.00,1.76,0.90,-1.00
0.28,7.23,25.70,0.11,0.08,0.00,1.49,0.89,-1.00
0.27,7.02,25.59,0.11,0.08,0.00,1.45,0.89,-1.00
0.29,8.13,27.90,0.12,0.09,0.00,1.67,0.89,-1.00
0.28,6.90,24.74,0.10,0.08,0.00,1.42,0.89,-1.00
0.29,6.81,23.51,0.10,0.07,0.00,1.40,0.89,-1.00
0.28,6.91,24.24,0.10,0.07,0.00,1.42,0.89,-1.00
0.68,22.44,32.88,0.14,0.09,0.00,4.08,0.95,-1.00
0.28,6.87,24.82,0.10,0.08,0.00,1.41,0.89,-1.00
0.29,7.86,26.86,0.12,0.08,0.00,1.62,0.89,-1.00
0.33,8.60,26.11,0.11,0.08,0.00,1.77,0.90,-1.00
0.29,6.97,23.73,0.10,0.07,0.00,1.43,0.89,-1.00
0.28,6.92,24.50,0.10,0.08,0.00,1.42,0.89,-1.00
0.28,7.14,25.82,0.11,0.08,0.00,1.47,0.89,-1.00
0.28,7.89,27.71,0.12,0.09,0.00,1.63,0.89,-1.00
0.29,6.60,23.09,0.10,0.07,0.00,1.36,0.89,-1.00
0.28,7.10,25.08,0.11,0.08,0.00,1.46,0.89,-1.00
0.67,23.02,34.42,0.15,0.10,0.00,4.19,0.94,-1.00
0.28,6.87,24.55,0.10,0.08,0.00,1.42,0.89,-1.00
0.28,6.64,23.41,0.10,0.07,0.00,1.37,0.89,-1.00
0.34,9.63,28.57,0.12,0.09,0.00,1.98,0.90,-1.00
0.30,7.88,26.22,0.11,0.08,0.00,1.63,0.90,-1.00
0.28,6.90,24.59,0.10,0.08,0.00,1.42,0.89,-1.00
0.28,6.81,24.39,0.10,0.08,0.00,1.40,0.89,-1.00
0.29,7.01,24.60,0.11,0.08,0.00,1.44,0.89,-1.00
0.29,7.89,26.88,0.12,0.09,0.00,1.62,0.89,-1.00
0.68,22.63,33.50,0.14,0.10,0.00,4.12,0.95,-1.00
0.28,7.42,26.64,0.11,0.08,0.00,1.54,0.89,-1.00
0.29,6.98,24.27,0.10,0.07,0.00,1.44,0.89,-1.00
0.30,7.03,23.65,0.10,0.07,0.00,1.45,0.89,-1.00
0.35,8.55,24.49,0.10,0.08,0.00,1.75,0.91,-1.00
0.43,12.76,29.74,0.13,0.09,0.00,2.59,0.92,-1.00
0.28,7.03,25.14,0.10,0.08,0.00,1.44,0.89,-1.00
0.28,7.23,25.40,0.11,0.08,0.00,1.49,0.89,-1.00
1.26,360.71,286.11,5.06,3.68,0.06,64.32,0.88,-1.00
0.29,6.86,23.92,0.10,0.07,0.01,1.41,0.89,-1.00
0.73,30.87,42.06,0.20,0.12,0.01,5.17,0.94,-1.00
0.29,8.08,28.01,0.12,0.09,0.00,1.67,0.89,-1.00
0.29,7.23,24.84,0.10,0.08,0.00,1.48,0.89,-1.00
0.29,6.86,23.32,0.10,0.07,0.00,1.41,0.89,-1.00
0.34,9.50,28.18,0.12,0.09,0.00,1.95,0.90,-1.00
0.29,7.09,24.65,0.10,0.08,0.00,1.47,0.89,-1.00
0.30,8.31,27.35,0.12,0.09,0.00,1.71,0.89,-1.00
0.30,6.77,22.54,0.10,0.07,0.00,1.39,0.89,-1.00
0.29,6.93,24.20,0.10,0.07,0.00,1.42,0.89,-1.00
0.29,6.89,23.66,0.10,0.07,0.00,1.42,0.89,-1.00
0.83,53.98,64.94,0.48,0.28,0.09,10.57,0.93,-1.00
0.30,7.32,24.31,0.11,0.08,0.00,1.51,0.89,-1.00
0.31,7.95,26.03,0.11,0.08,0.00,1.63,0.89,-1.00
0.30,7.14,24.01,0.10,0.07,0.00,1.46,0.89,-1.00
0.35,8.76,24.95,0.11,0.08,0.00,1.79,0.91,-1.00
0.30,7.54,25.18,0.11,0.08,0.00,1.56,0.89,-1.00
0.29,7.32,25.31,0.11,0.08,0.00,1.50,0.89,-1.00
0.31,8.04,26.23,0.12,0.08,0.00,1.65,0.89,-1.00
0.30,6.87,23.13,0.10,0.07,0.00,1.41,0.89,-1.00
0.30,6.69,22.01,0.09,0.07,0.00,1.37,0.89,-1.00
0.67,22.80,33.87,0.14,0.10,0.00,4.14,0.95,-1.00
0.29,6.84,23.28,0.10,0.07,0.00,1.40,0.89,-1.00
0.29,6.72,22.85,0.10,0.07,0.00,1.38,0.89,-1.00
0.30,7.91,25.99,0.12,0.08,0.00,1.62,0.89,-1.00
0.35,8.53,24.50,0.10,0.08,0.00,1.74,0.91,-1.00
0.29,6.99,23.90,0.10,0.07,0.00,1.43,0.89,-1.00
0.29,6.94,24.07,0.10,0.07,0.00,1.42,0.89,-1.00
0.31,6.56,21.29,0.09,0.06,0.00,1.34,0.90,-1.00
0.30,7.71,25.40,0.11,0.08,0.00,1.58,0.89,-1.00
0.30,6.69,22.14,0.10,0.07,0.00,1.37,0.89,-1.00
0.69,22.76,32.82,0.15,0.10,0.00,4.14,0.94,-1.00
0.31,6.79,22.24,0.10,0.07,0.00,1.39,0.89,-1.00
0.30,7.06,23.81,0.10,0.07,0.00,1.44,0.89,-1.00
0.30,6.76,22.70,0.10,0.07,0.00,1.38,0.89,-1.00
0.35,10.01,28.99,0.13,0.09,0.00,2.05,0.90,-1.00
0.54,18.90,34.93,0.15,0.11,0.01,3.99,0.94,-1.00
0.29,7.22,25.17,0.11,0.08,0.00,1.47,0.89,-1.00
0.30,6.80,22.74,0.10,0.07,0.00,1.39,0.89,-1.00
0.30,6.90,22.74,0.10,0.07,0.00,1.41,0.89,-1.00
0.30,8.13,26.91,0.12,0.09,0.00,1.68,0.89,-1.00
0.69,22.71,32.82,0.14,0.09,0.00,4.13,0.95,-1.00
0.29,6.82,23.41,0.10,0.07,0.00,1.40,0.89,-1.00
0.30,6.74,22.46,0.10,0.07,0.00,1.39,0.89,-1.00
0.30,6.88,23.22,0.10,0.07,0.00,1.42,0.89,-1.00
0.36,8.70,24.19,0.11,0.08,0.00,1.78,0.91,-1.00
0.33,9.44,28.94,0.13,0.09,0.00,1.94,0.90,-1.00
0.29,7.07,24.09,0.10,0.08,0.00,1.45,0.89,-1.00
0.29,6.57,22.71,0.10,0.07,0.00,1.35,0.89,-1.00
0.29,6.63,22.64,0.10,0.07,0.00,1.36,0.89,-1.00
0.29,6.67,22.78,0.10,0.07,0.00,1.37,0.89,-1.00
0.65,24.39,37.57,0.16,0.11,0.00,4.47,0.94,-1.00
0.29,6.40,21.76,0.09,0.07,0.00,1.31,0.89,-1.00
0.30,6.72,22.30,0.09,0.07,0.00,1.37,0.89,-1.00
0.30,6.99,23.56,0.10,0.07,0.00,1.43,0.89,-1.00
0.36,8.34,23.42,0.10,0.07,0.00,1.70,0.91,-1.00
0.28,6.78,24.04,0.10,0.08,0.00,1.39,0.89,-1.00
0.44,12.20,27.90,0.12,0.08,0.00,2.44,0.92,-1.00
0.29,6.46,22.07,0.09,0.07,0.00,1.32,0.89,-1.00
0.29,6.27,21.72,0.09,0.07,0.00,1.28,0.89,-1.00
0.46,10.72,23.23,0.10,0.07,0.00,2.16,0.93,-1.00
0.75,30.48,40.49,0.18,0.12,0.01,5.08,0.94,-1.00
0.28,6.44,22.81,0.10,0.07,0.00,1.32,0.89,-1.00
0.30,7.41,25.04,0.11,0.08,0.00,1.52,0.89,-1.00
0.29,6.33,21.73,0.10,0.07,0.00,1.30,0.89,-1.00
0.34,8.25,24.39,0.10,0.08,0.00,1.69,0.90,-1.00
0.28,6.84,24.48,0.10,0.08,0.00,1.41,0.89,-1.00
0.28,6.75,24.09,0.10,0.08,0.00,1.39,0.89,-1.00
0.30,7.46,25.16,0.11,0.08,0.00,1.54,0.89,-1.00
0.29,6.52,22.71,0.10,0.07,0.00,1.33,0.89,-1.00
0.29,6.57,22.85,0.10,0.07,0.00,1.35,0.89,-1.00
0.85,53.71,63.09,0.47,0.27,0.08,10.47,0.93,-1.00
0.29,6.39,21.98,0.10,0.07,0.00,1.32,0.89,-1.00
0.29,6.68,22.67,0.10,0.07,0.00,1.37,0.89,-1.00
0.31,7.86,25.54,0.12,0.08,0.00,1.61,0.89,-1.00
0.33,8.45,25.31,0.11,0.08,0.00,1.73,0.90,-1.00
0.78,43.79,56.44,0.27,0.17,0.02,8.85,0.95,-1.00
0.30,7.19,24.30,0.10,0.08,0.00,1.47,0.89,-1.00
0.29,6.75,23.51,0.10,0.07,0.00,1.39,0.89,-1.00
0.30,7.78,25.65,0.11,0.08,0.00,1.59,0.89,-1.00
0.29,6.22,21.38,0.09,0.07,0.00,1.28,0.89,-1.00
0.68,22.41,33.08,0.14,0.09,0.00,4.08,0.95,-1.00
0.28,6.41,22.60,0.10,0.07,0.00,1.32,0.89,-1.00
0.28,6.57,23.06,0.10,0.07,0.00,1.35,0.89,-1.00
0.28,6.52,23.30,0.10,0.07,0.00,1.35,0.89,-1.00
0.33,9.47,28.28,0.12,0.09,0.00,1.94,0.90,-1.00
0.28,6.84,24.41,0.10,0.08,0.00,1.41,0.89,-1.00
0.28,6.99,24.99,0.10,0.08,0.00,1.45,0.89,-1.00
0.29,6.48,22.40,0.10,0.07,0.00,1.34,0.89,-1.00
0.29,6.69,22.74,0.09,0.07,0.00,1.37,0.89,-1.00
0.29,7.73,26.72,0.11,0.08,0.00,1.59,0.89,-1.00
0.68,22.55,33.14,0.15,0.10,0.00,4.11,0.94,-1.00
0.28,6.50,23.31,0.10,0.07,0.00,1.34,0.89,-1.00
0.28,6.60,23.30,0.10,0.07,0.00,1.36,0.89,-1.00
0.28,6.51,23.11,0.10,0.07,0.00,1.34,0.89,-1.00
0.33,8.37,25.11,0.11,0.08,0.00,1.72,0.90,-1.00
0.29,8.16,28.46,0.13,0.09,0.00,1.69,0.88,-1.00
0.28,6.59,23.81,0.10,0.07,0.00,1.36,0.89,-1.00
0.28,6.47,23.06,0.10,0.07,0.00,1.34,0.89,-1.00
0.29,7.06,24.49,0.10,0.08,0.00,1.45,0.89,-1.00
0.28,6.67,23.49,0.10,0.07,0.00,1.38,0.89,-1.00
0.64,23.75,37.00,0.16,0.11,0.00,4.36,0.94,-1.00
0.28,6.52,23.25,0.10,0.07,0.00,1.35,0.89,-1.00
0.29,6.96,23.93,0.10,0.08,0.00,1.43,0.89,-1.00
0.28,6.46,22.69,0.10,0.07,0.00,1.33,0.89,-1.00
0.32,8.67,26.76,0.11,0.09,0.00,1.78,0.90,-1.00
0.30,7.83,26.13,0.11,0.08,0.00,1.62,0.89,-1.00
0.28,7.88,27.87,0.12,0.09,0.00,1.62,0.88,-1.00
0.28,6.33,22.95,0.10,0.07,0.00,1.31,0.89,-1.00
0.28,6.61,23.96,0.10,0.08,0.00,1.36,0.89,-1.00
0.28,6.61,24.00,0.10,0.07,0.00,1.37,0.89,-1.00
0.65,22.84,35.01,0.15,0.10,0.00,4.17,0.94,-1.00
0.28,6.44,23.01,0.10,0.07,0.00,1.33,0.89,-1.00
0.30,7.74,26.19,0.11,0.08,0.00,1.60,0.89,-1.00
0.27,6.57,24.49,0.10,0.07,0.00,1.36,0.89,-1.00
0.34,8.48,25.11,0.11,0.08,0.00,1.74,0.90,-1.00
0.28,6.95,24.45,0.10,0.08,0.00,1.43,0.89,-1.00
0.28,6.85,24.61,0.10,0.08,0.00,1.41,0.89,-1.00
0.42,12.00,28.31,0.12,0.08,0.00,2.43,0.92,-1.00
1.20,356.94,298.65,5.01,3.74,0.06,63.59,0.88,-1.00
0.28,6.57,23.45,0.10,0.07,0.01,1.35,0.88,-1.00
0.81,35.17,43.59,0.19,0.12,0.01,6.01,0.95,-1.00
0.27,6.46,23.97,0.10,0.07,0.00,1.34,0.89,-1.00
0.28,6.65,23.68,0.10,0.07,0.00,1.37,0.89,-1.00
0.29,7.36,25.71,0.11,0.08,0.00,1.52,0.89,-1.00
0.33,8.37,25.32,0.11,0.08,0.00,1.72,0.90,-1.00
0.28,6.66,24.09,0.10,0.07,0.00,1.37,0.89,-1.00
0.28,6.79,24.46,0.10,0.08,0.00,1.39,0.89,-1.00
0.28,6.36,22.54,0.09,0.07,0.00,1.31,0.89,-1.00
0.29,7.63,25.97,0.11,0.08,0.00,1.56,0.89,-1.00
0.27,6.38,23.44,0.10,0.07,0.00,1.32,0.89,-1.00
0.88,53.38,60.62,0.44,0.25,0.06,10.35,0.93,-1.00
0.27,6.35,23.32,0.10,0.07,0.00,1.32,0.88,-1.00
0.28,6.49,23.26,0.10,0.07,0.00,1.34,0.89,-1.00
0.27,6.31,23.36,0.10,0.07,0.00,1.31,0.89,-1.00
0.33,9.41,28.61,0.13,0.09,0.00,1.93,0.90,-1.00
0.27,6.38,23.40,0.10,0.07,0.00,1.32,0.88,-1.00
0.28,7.07,25.24,0.11,0.08,0.00,1.46,0.89,-1.00
0.28,6.34,22.80,0.09,0.07,0.00,1.31,0.89,-1.00
0.27,6.46,23.64,0.10,0.07,0.00,1.33,0.89,-1.00
0.30,7.46,25.02,0.11,0.08,0.00,1.54,0.89,-1.00
0.66,22.43,33.83,0.15,0.10,0.00,4.08,0.94,-1.00
0.28,6.88,24.78,0.10,0.08,0.00,1.42,0.89,-1.00
0.28,6.80,24.38,0.10,0.08,0.00,1.40,0.89,-1.00
0.28,6.43,23.22,0.10,0.07,0.00,1.32,0.89,-1.00
0.33,8.31,25.34,0.11,0.08,0.00,1.71,0.90,-1.00
0.28,8.01,28.22,0.12,0.09,0.00,1.65,0.89,-1.00
0.28,6.90,25.02,0.11,0.08,0.00,1.42,0.89,-1.00
0.28,6.29,22.36,0.10,0.07,0.00,1.30,0.89,-1.00
0.28,6.51,23.45,0.10,0.07,0.00,1.34,0.89,-1.00
0.28,6.41,23.01,0.10,0.07,0.00,1.32,0.89,-1.00
0.64,23.57,36.65,0.16,0.11,0.00,4.31,0.94,-1.00
0.29,6.52,22.72,0.10,0.07,0.00,1.34,0.89,-1.00
0.28,6.46,23.47,0.10,0.07,0.00,1.33,0.89,-1.00
0.28,6.39,22.98,0.10,0.07,0.00,1.32,0.89,-1.00
0.52,23.01,44.49,0.23,0.15,0.02,4.80,0.92,-1.00
0.28,6.69,24.34,0.10,0.08,0.00,1.39,0.88,-1.00
0.29,7.75,27.18,0.12,0.09,0.00,1.59,0.89,-1.00
0.28,6.35,23.06,0.10,0.07,0.00,1.31,0.89,-1.00
0.28,6.81,24.09,0.10,0.08,0.00,1.40,0.89,-1.00
0.27,6.24,22.81,0.10,0.07,0.00,1.29,0.89,-1.00
0.66,22.57,34.41,0.15,0.10,0.00,4.11,0.94,-1.00
0.29,7.71,27.03,0.12,0.09,0.00,1.60,0.89,-1.00
0.29,6.73,23.33,0.10,0.07,0.00,1.39,0.89,-1.00
0.28,6.30,22.43,0.10,0.07,0.00,1.30,0.89,-1.00
0.32,8.31,26.02,0.11,0.08,0.00,1.70,0.90,-1.00
0.29,7.89,26.97,0.11,0.09,0.00,1.64,0.89,-1.00
0.28,6.84,24.48,0.10,0.08,0.00,1.40,0.89,-1.00
0.29,7.38,25.45,0.11,0.08,0.00,1.52,0.89,-1.00
0.28,6.34,22.92,0.10,0.07,0.00,1.30,0.89,-1.00
0.28,6.36,22.97,0.10,0.07,0.00,1.31,0.89,-1.00
0.65,22.66,34.80,0.15,0.10,0.00,4.13,0.94,-1.00
0.28,6.51,22.96,0.10,0.07,0.00,1.35,0.89,-1.00
0.28,6.61,23.61,0.10,0.07,0.00,1.37,0.89,-1.00
0.28,7.64,27.42,0.12,0.09,0.00,1.58,0.89,-1.00
0.34,8.57,25.20,0.11,0.08,0.00,1.77,0.90,-1.00
0.28,7.17,25.94,0.11,0.08,0.00,1.49,0.89,-1.00
0.28,7.14,25.71,0.11,0.08,0.00,1.46,0.89,-1.00
0.27,6.51,23.89,0.10,0.07,0.00,1.34,0.89,-1.00
0.42,12.32,29.07,0.12,0.09,0.00,2.49,0.92,-1.00
0.29,6.34,22.21,0.09,0.07,0.00,1.31,0.89,-1.00
0.74,30.91,41.92,0.18,0.12,0.01,5.16,0.94,-1.00
0.42,11.02,26.34,0.10,0.08,0.00,2.23,0.93,-1.00
0.29,6.78,23.78,0.10,0.08,0.00,1.39,0.89,-1.00
0.28,6.26,22.44,0.09,0.07,0.00,1.29,0.89,-1.00
0.34,9.40,27.26,0.12,0.09,0.00,1.92,0.90,-1.00
0.50,18.81,37.67,0.16,0.12,0.01,4.00,0.93,-1.00
0.28,6.94,25.21,0.11,0.08,0.00,1.43,0.89,-1.00
0.30,7.32,24.19,0.10,0.08,0.00,1.50,0.89,-1.00
0.28,6.60,23.53,0.10,0.07,0.00,1.35,0.89,-1.00
0.28,7.81,28.17,0.12,0.09,0.00,1.61,0.88,-1.00
0.82,53.68,65.33,0.49,0.28,0.09,10.52,0.92,-1.00
0.28,6.66,24.10,0.10,0.07,0.00,1.38,0.89,-1.00
0.28,6.72,23.94,0.10,0.07,0.00,1.38,0.89,-1.00
0.27,6.78,24.66,0.10,0.08,0.00,1.40,0.89,-1.00
0.33,8.49,26.10,0.11,0.08,0.00,1.74,0.90,-1.00
0.29,7.84,27.34,0.12,0.09,0.00,1.62,0.89,-1.00
0.27,7.58,27.98,0.11,0.09,0.00,1.57,0.89,-1.00
0.27,7.50,27.79,0.11,0.09,0.00,1.56,0.89,-1.00
0.28,6.82,24.53,0.10,0.08,0.00,1.41,0.89,-1.00
0.29,6.70,23.10,0.10,0.07,0.00,1.39,0.89,-1.00
0.63,23.94,38.05,0.16,0.11,0.00,4.40,0.94,-1.00
0.29,7.00,24.31,0.10,0.08,0.00,1.44,0.89,-1.00
0.28,7.03,25.29,0.11,0.08,0.00,1.46,0.89,-1.00
0.29,6.50,22.60,0.10,0.07,0.00,1.34,0.89,-1.00
0.32,8.71,26.85,0.11,0.08,0.00,1.79,0.90,-1.00
0.73,43.85,59.69,0.27,0.17,0.02,8.88,0.95,-1.00
0.28,8.09,28.48,0.12,0.09,0.00,1.67,0.89,-1.00
0.28,6.49,23.25,0.10,0.07,0.00,1.34,0.89,-1.00
0.28,7.04,25.22,0.10,0.08,0.00,1.45,0.89,-1.00
0.28,6.82,24.76,0.10,0.08,0.00,1.42,0.89,-1.00
0.67,23.11,34.63,0.15,0.10,0.00,4.23,0.94,-1.00
0.29,7.75,26.67,0.12,0.09,0.00,1.60,0.89,-1.00
0.28,6.78,23.81,0.10,0.07,0.00,1.39,0.89,-1.00
0.28,6.87,24.56,0.10,0.08,0.00,1.42,0.89,-1.00
1.50,194.77,129.67,0.98,0.27,0.00,38.64,0.97,-1.00
0.37,10.67,29.11,0.12,0.09,0.00,2.16,0.91,-1.00
0.27,7.20,26.77,0.11,0.08,0.00,1.50,0.89,-1.00
0.28,7.76,27.42,0.12,0.09,0.00,1.60,0.89,-1.00
0.28,7.02,25.53,0.10,0.08,0.00,1.44,0.89,-1.00
0.28,6.64,23.87,0.10,0.07,0.00,1.38,0.89,-1.00
0.66,22.82,34.79,0.15,0.10,0.00,4.16,0.94,-1.00
0.28,6.81,23.96,0.10,0.07,0.00,1.40,0.89,-1.00
0.28,6.90,24.63,0.10,0.07,0.00,1.42,0.89,-1.00
0.29,7.57,26.16,0.11,0.08,0.00,1.57,0.89,-1.00
0.33,8.60,26.33,0.11,0.08,0.00,1.77,0.90,-1.00
0.30,7.69,25.47,0.11,0.08,0.00,1.59,0.90,-1.00
0.28,7.13,25.35,0.11,0.08,0.00,1.46,0.89,-1.00
0.28,6.72,23.62,0.10,0.07,0.00,1.38,0.89,-1.00
0.29,7.78,27.27,0.12,0.09,0.00,1.60,0.89,-1.00
0.28,6.51,23.47,0.10,0.07,0.00,1.34,0.89,-1.00
0.63,23.07,36.83,0.16,0.11,0.00,4.22,0.94,-1.00
0.28,6.51,23.01,0.10,0.07,0.00,1.34,0.89,-1.00
0.28,6.94,24.68,0.10,0.08,0.00,1.43,0.89,-1.00
0.28,6.93,24.42,0.10,0.08,0.00,1.44,0.89,-1.00
0.34,9.77,29.04,0.12,0.09,0.00,2.01,0.90,-1.00
0.28,6.80,24.00,0.10,0.08,0.00,1.40,0.89,-1.00
0.28,7.16,25.50,0.11,0.08,0.00,1.48,0.89,-1.00
0.28,6.72,24.26,0.10,0.07,0.00,1.39,0.89,-1.00
0.28,7.01,24.74,0.10,0.08,0.00,1.44,0.89,-1.00
1.50,363.04,241.67,4.67,3.55,0.07,64.54,0.89,-1.00
0.71,30.96,43.36,0.18,0.13,0.01,5.20,0.94,-1.00
0.28,6.67,23.62,0.10,0.07,0.00,1.38,0.89,-1.00
0.43,11.21,25.99,0.10,0.08,0.00,2.27,0.93,-1.00
0.28,6.71,23.59,0.10,0.07,0.00,1.39,0.89,-1.00
0.33,8.90,26.68,0.11,0.08,0.00,1.83,0.90,-1.00
0.29,7.83,27.44,0.12,0.09,0.00,1.63,0.89,-1.00
0.72,47.54,65.86,0.31,0.22,0.02,8.77,0.94,-1.00
0.28,6.59,23.48,0.10,0.07,0.00,1.37,0.89,-1.00
0.29,7.06,24.39,0.10,0.08,0.00,1.45,0.89,-1.00
0.28,6.79,24.06,0.10,0.07,0.00,1.41,0.89,-1.00
0.83,54.85,66.07,0.50,0.29,0.09,10.75,0.92,-1.00
0.29,6.91,23.94,0.10,0.07,0.00,1.43,0.89,-1.00
0.29,6.86,23.94,0.10,0.07,0.00,1.42,0.89,-1.00
0.28,6.81,23.99,0.10,0.07,0.00,1.41,0.89,-1.00
0.33,9.05,27.54,0.12,0.09,0.00,1.86,0.90,-1.00
0.29,6.88,23.56,0.10,0.07,0.00,1.42,0.89,-1.00
0.29,8.20,28.17,0.12,0.09,0.00,1.69,0.89,-1.00
0.28,6.74,23.91,0.10,0.07,0.00,1.40,0.89,-1.00
0.29,6.93,24.20,0.10,0.07,0.00,1.43,0.89,-1.00
0.29,6.65,23.02,0.10,0.07,0.00,1.37,0.89,-1.00
0.66,22.92,34.63,0.15,0.10,0.00,4.19,0.94,-1.00
0.29,7.95,27.13,0.12,0.08,0.00,1.64,0.89,-1.00
0.28,6.91,24.64,0.10,0.08,0.00,1.43,0.89,-1.00
0.29,6.64,23.18,0.10,0.07,0.00,1.38,0.89,-1.00
0.32,9.17,28.42,0.12,0.09,0.00,1.90,0.90,-1.00
0.29,6.99,24.13,0.10,0.07,0.00,1.44,0.89,-1.00
0.28,7.05,25.46,0.10,0.08,0.00,1.45,0.89,-1.00
0.30,7.78,26.02,0.11,0.08,0.00,1.61,0.89,-1.00
0.28,6.77,24.59,0.10,0.07,0.00,1.40,0.89,-1.00
0.28,6.71,23.67,0.10,0.07,0.00,1.39,0.89,-1.00
0.67,22.89,34.23,0.14,0.10,0.00,4.18,0.95,-1.00
0.29,6.58,23.03,0.10,0.07,0.00,1.36,0.89,-1.00
0.29,7.99,27.59,0.12,0.09,0.00,1.65,0.89,-1.00
0.28,6.56,23.46,0.10,0.07,0.00,1.36,0.89,-1.00
0.32,8.86,27.82,0.12,0.09,0.00,1.82,0.90,-1.00
0.29,6.77,23.27,0.10,0.07,0.00,1.40,0.89,-1.00
0.27,7.08,25.88,0.11,0.08,0.00,1.46,0.89,-1.00
0.28,6.75,23.79,0.10,0.07,0.00,1.39,0.89,-1.00
0.28,7.84,27.63,0.12,0.09,0.00,1.62,0.89,-1.00
0.29,7.48,25.44,0.11,0.08,0.00,1.55,0.89,-1.00
0.66,22.74,34.41,0.14,0.10,0.00,4.15,0.95,-1.00
0.27,6.69,24.72,0.10,0.07,0.00,1.39,0.89,-1.00
0.28,6.96,24.57,0.10,0.08,0.00,1.44,0.89,-1.00
0.28,6.47,23.06,0.10,0.07,0.00,1.34,0.89,-1.00
0.32,9.97,31.36,0.13,0.10,0.00,2.06,0.90,-1.00
0.30,7.88,26.14,0.11,0.08,0.00,1.64,0.90,-1.00
0.28,7.27,26.10,0.11,0.08,0.00,1.50,0.89,-1.00
0.29,6.90,24.13,0.10,0.08,0.00,1.43,0.89,-1.00
0.28,6.95,24.78,0.10,0.08,0.00,1.43,0.89,-1.00
0.29,7.75,26.90,0.11,0.08,0.00,1.61,0.89,-1.00
0.64,23.12,36.05,0.15,0.10,0.00,4.21,0.94,-1.00
0.28,6.67,23.74,0.10,0.07,0.00,1.38,0.89,-1.00
0.28,6.78,24.15,0.10,0.07,0.00,1.39,0.89,-1.00
0.28,6.75,24.20,0.10,0.07,0.00,1.39,0.89,-1.00
0.32,9.14,28.27,0.12,0.09,0.00,1.88,0.90,-1.00
0.29,8.62,30.15,0.13,0.10,0.00,1.79,0.89,-1.00
0.27,7.37,26.79,0.11,0.08,0.00,1.52,0.89,-1.00
0.28,6.97,25.16,0.10,0.08,0.00,1.44,0.89,-1.00
0.28,7.19,25.77,0.11,0.08,0.00,1.48,0.89,-1.00
0.28,6.94,24.45,0.10,0.08,0.00,1.43,0.89,-1.00
0.75,36.78,49.09,0.21,0.14,0.01,6.34,0.95,-1.00
0.27,6.95,25.43,0.10,0.08,0.00,1.44,0.89,-1.00
0.27,7.33,26.67,0.11,0.08,0.00,1.52,0.89,-1.00
0.43,11.15,25.86,0.10,0.07,0.00,2.26,0.93,-1.00
0.32,9.14,28.75,0.12,0.09,0.00,1.89,0.90,-1.00
0.27,7.27,26.48,0.11,0.08,0.00,1.51,0.89,-1.00
0.29,8.63,30.26,0.13,0.09,0.00,1.78,0.89,-1.00
0.28,6.73,24.13,0.10,0.07,0.00,1.40,0.89,-1.00
0.27,7.10,26.32,0.11,0.08,0.00,1.47,0.89,-1.00
0.27,6.86,25.49,0.10,0.08,0.00,1.42,0.89,-1.00
0.82,54.23,66.15,0.48,0.28,0.08,10.60,0.93,-1.00
0.29,8.26,28.31,0.12,0.09,0.00,1.70,0.89,-1.00
0.28,7.14,25.86,0.11,0.08,0.00,1.47,0.89,-1.00
0.27,7.09,25.85,0.11,0.08,0.00,1.47,0.89,-1.00
0.32,9.22,28.82,0.12,0.09,0.00,1.90,0.90,-1.00
0.28,7.07,25.22,0.10,0.08,0.00,1.46,0.89,-1.00
0.27,7.28,26.90,0.11,0.08,0.00,1.51,0.89,-1.00
0.29,8.36,29.06,0.13,0.09,0.00,1.72,0.89,-1.00
0.28,7.16,25.77,0.10,0.08,0.00,1.48,0.89,-1.00
0.28,6.83,24.18,0.10,0.07,0.00,1.41,0.89,-1.00
0.64,23.08,36.30,0.15,0.10,0.00,4.22,0.94,-1.00
0.28,7.11,25.84,0.11,0.08,0.00,1.47,0.89,-1.00
0.29,8.42,28.95,0.12,0.09,0.00,1.72,0.89,-1.00
0.28,6.87,24.65,0.10,0.08,0.00,1.42,0.89,-1.00
0.32,9.11,28.87,0.12,0.09,0.00,1.88,0.90,-1.00
0.28,6.98,24.77,0.10,0.08,0.00,1.45,0.89,-1.00
0.27,7.34,27.15,0.11,0.08,0.00,1.51,0.89,-1.00
0.28,6.62,23.56,0.10,0.07,0.00,1.37,0.89,-1.00
0.28,8.17,28.76,0.12,0.09,0.00,1.68,0.89,-1.00
0.28,6.77,24.07,0.10,0.07,0.00,1.39,0.89,-1.00
0.65,22.80,34.86,0.14,0.10,0.00,4.16,0.94,-1.00
0.28,6.78,24.14,0.10,0.07,0.00,1.40,0.89,-1.00
0.27,6.85,25.79,0.10,0.08,0.00,1.42,0.89,-1.00
0.28,6.70,24.24,0.10,0.07,0.00,1.39,0.89,-1.00
0.72,46.98,65.64,0.29,0.19,0.02,9.55,0.95,-1.00
0.50,19.40,38.52,0.16,0.12,0.01,4.09,0.93,-1.00
0.27,7.40,27.32,0.11,0.08,0.00,1.53,0.89,-1.00
0.28,6.67,23.69,0.10,0.07,0.00,1.38,0.89,-1.00
0.28,7.14,25.57,0.11,0.08,0.00,1.47,0.89,-1.00
0.29,8.06,28.17,0.12,0.09,0.00,1.67,0.89,-1.00
0.65,23.16,35.70,0.15,0.10,0.00,4.23,0.94,-1.00
0.28,7.10,25.20,0.10,0.08,0.00,1.47,0.89,-1.00
0.28,7.06,25.15,0.10,0.07,0.00,1.46,0.89,-1.00
0.28,6.89,24.56,0.10,0.07,0.00,1.43,0.89,-1.00
0.32,9.18,29.02,0.12,0.09,0.00,1.89,0.90,-1.00
0.31,9.05,29.05,0.12,0.09,0.00,1.87,0.90,-1.00
0.27,7.59,27.68,0.11,0.08,0.00,1.57,0.89,-1.00
0.27,7.25,26.60,0.11,0.08,0.00,1.50,0.89,-1.00
0.28,7.30,26.40,0.11,0.08,0.00,1.51,0.89,-1.00
0.29,6.99,24.22,0.10,0.07,0.00,1.45,0.89,-1.00
0.62,24.36,39.39,0.17,0.11,0.00,4.47,0.94,-1.00
0.28,6.98,24.88,0.10,0.08,0.00,1.45,0.89,-1.00
0.27,7.40,26.94,0.11,0.08,0.00,1.53,0.89,-1.00
0.29,7.18,24.94,0.10,0.08,0.00,1.49,0.89,-1.00
0.31,9.20,29.79,0.12,0.09,0.00,1.90,0.90,-1.00
0.28,7.30,25.79,0.11,0.08,0.00,1.51,0.89,-1.00
0.28,8.76,31.11,0.13,0.10,0.00,1.81,0.89,-1.00
0.29,7.12,24.83,0.10,0.08,0.00,1.47,0.89,-1.00
0.27,7.12,26.39,0.11,0.08,0.00,1.47,0.89,-1.00
1.44,349.97,243.06,4.59,3.54,0.06,62.36,0.88,-1.00
0.69,31.36,45.30,0.20,0.13,0.02,5.29,0.94,-1.00
0.42,12.38,29.67,0.12,0.09,0.00,2.52,0.92,-1.00
0.28,7.01,25.37,0.10,0.08,0.00,1.45,0.89,-1.00
0.28,6.94,24.98,0.10,0.08,0.00,1.44,0.89,-1.00
0.44,13.54,30.48,0.12,0.09,0.00,2.75,0.93,-1.00
0.28,7.68,27.38,0.11,0.09,0.00,1.60,0.89,-1.00
0.27,7.44,28.02,0.11,0.09,0.00,1.54,0.89,-1.00
0.29,7.93,27.21,0.11,0.08,0.00,1.64,0.89,-1.00
0.27,7.29,26.75,0.11,0.08,0.00,1.51,0.89,-1.00
0.28,6.88,24.80,0.10,0.08,0.00,1.42,0.89,-1.00
0.81,54.73,67.81,0.49,0.29,0.09,10.71,0.93,-1.00
0.28,7.18,25.82,0.11,0.08,0.00,1.49,0.89,-1.00
0.29,8.21,28.59,0.12,0.09,0.00,1.70,0.89,-1.00
0.27,6.92,25.17,0.10,0.08,0.00,1.44,0.89,-1.00
0.32,9.12,28.56,0.12,0.09,0.00,1.88,0.90,-1.00
0.28,7.13,25.34,0.11,0.08,0.00,1.47,0.89,-1.00
0.27,7.54,27.69,0.11,0.09,0.00,1.56,0.89,-1.00
0.27,6.92,25.27,0.10,0.08,0.00,1.44,0.89,-1.00
0.29,8.21,28.71,0.12,0.09,0.00,1.70,0.89,-1.00
0.28,6.87,24.72,0.10,0.08,0.00,1.43,0.89,-1.00
0.63,23.01,36.29,0.15,0.11,0.00,4.21,0.94,-1.00
0.28,6.92,24.43,0.10,0.08,0.00,1.43,0.89,-1.00
0.28,7.28,26.02,0.11,0.08,0.00,1.51,0.89,-1.00
0.31,8.11,26.47,0.12,0.09,0.00,1.68,0.89,-1.00
0.32,8.86,27.63,0.11,0.09,0.00,1.82,0.90,-1.00
0.29,6.65,22.96,0.10,0.07,0.00,1.37,0.89,-1.00
0.28,7.11,25.61,0.11,0.08,0.00,1.47,0.89,-1.00
0.29,6.82,23.72,0.10,0.08,0.00,1.41,0.89,-1.00
0.28,7.01,24.93,0.10,0.08,0.00,1.44,0.89,-1.00
0.29,7.57,25.77,0.11,0.08,0.00,1.56,0.89,-1.00
0.67,22.68,33.94,0.14,0.10,0.00,4.13,0.95,-1.00
0.27,6.65,24.23,0.10,0.08,0.00,1.38,0.89,-1.00
0.27,7.01,25.67,0.10,0.08,0.00,1.45,0.89,-1.00
0.28,6.79,24.14,0.10,0.08,0.00,1.40,0.89,-1.00
0.33,8.66,26.29,0.11,0.08,0.00,1.79,0.90,-1.00
0.29,7.93,27.57,0.12,0.09,0.00,1.65,0.89,-1.00
0.27,7.29,26.72,0.11,0.08,0.00,1.51,0.89,-1.00
0.28,6.77,24.12,0.10,0.08,0.00,1.40,0.89,-1.00
0.28,6.74,24.34,0.10,0.08,0.00,1.40,0.89,-1.00
0.28,6.85,24.57,0.10,0.08,0.00,1.43,0.89,-1.00
0.63,23.81,37.56,0.16,0.11,0.00,4.37,0.94,-1.00
0.29,6.71,23.53,0.10,0.07,0.00,1.39,0.89,-1.00
0.28,6.74,23.89,0.10,0.07,0.00,1.39,0.89,-1.00
0.28,6.65,23.66,0.10,0.07,0.00,1.38,0.89,-1.00
0.32,8.85,27.53,0.11,0.09,0.00,1.83,0.90,-1.00
0.30,7.50,24.83,0.10,0.08,0.00,1.55,0.90,-1.00
0.28,8.24,29.12,0.12,0.09,0.00,1.70,0.89,-1.00
0.28,6.90,24.54,0.10,0.08,0.00,1.43,0.89,-1.00
0.28,6.96,25.23,0.10,0.08,0.00,1.44,0.89,-1.00
0.29,7.07,24.73,0.10,0.08,0.00,1.47,0.89,-1.00
0.65,23.08,35.52,0.15,0.10,0.00,4.23,0.94,-1.00
0.29,8.02,27.94,0.12,0.09,0.00,1.66,0.89,-1.00
0.27,6.95,25.56,0.10,0.08,0.00,1.44,0.89,-1.00
0.28,6.87,24.64,0.10,0.08,0.00,1.43,0.89,-1.00
0.31,8.75,27.93,0.11,0.09,0.00,1.81,0.90,-1.00
0.27,7.16,26.54,0.11,0.08,0.00,1.50,0.89,-1.00
0.27,7.37,27.25,0.11,0.08,0.00,1.53,0.89,-1.00
0.28,7.84,27.77,0.12,0.09,0.00,1.63,0.89,-1.00
0.27,7.11,26.05,0.11,0.08,0.00,1.47,0.89,-1.00
0.27,6.75,24.83,0.10,0.08,0.00,1.40,0.89,-1.00
0.71,31.35,44.46,0.19,0.13,0.01,5.29,0.94,-1.00
0.27,6.69,24.73,0.10,0.08,0.00,1.39,0.89,-1.00
